,Year,StateAbbr,StateDesc,CityName,GeographicLevel,UniqueID,DataValueTypeID,Data_Value,Low_Confidence_Limit,High_Confidence_Limit,PopulationCount,GeoLocation,CityFIPS,TractFIPS
92,2016,TX,Texas,San Antonio,Census Tract,4865000-48029190601,CrdPrv,13.4,11.8,15.0,"3,768","(29.4721189867, -98.5216808978)",4865000.0,48029190601.0
223,2016,TX,Texas,San Antonio,Census Tract,4865000-48029191406,CrdPrv,8.5,7.6,9.5,"6,468","(29.5981136922, -98.5200082828)",4865000.0,48029191406.0
309,2016,TX,Texas,San Antonio,Census Tract,4865000-48029171200,CrdPrv,16.7,14.8,18.4,"4,384","(29.4364012781, -98.5656426939)",4865000.0,48029171200.0
317,2016,TX,Texas,San Antonio,Census Tract,4865000-48029121112,CrdPrv,11.5,10.4,12.6,"3,771","(29.5558904702, -98.4165534431)",4865000.0,48029121112.0
442,2016,TX,Texas,San Antonio,Census Tract,4865000-48029192300,CrdPrv,8.6,7.8,9.5,"4,448","(29.5619440492, -98.4961426057)",4865000.0,48029192300.0
539,2016,TX,Texas,San Antonio,Census Tract,4865000-48029160400,CrdPrv,13.6,12.5,14.7,"4,557","(29.3903429763, -98.5412402004)",4865000.0,48029160400.0
548,2016,TX,Texas,San Antonio,Census Tract,4865000-48029192200,CrdPrv,12.6,11.6,13.5,"1,264","(29.3389880844, -98.4573171748)",4865000.0,48029192200.0
555,2016,TX,Texas,San Antonio,Census Tract,4865000-48029191006,CrdPrv,13.6,12.6,14.7,"6,674","(29.4864516113, -98.5168593911)",4865000.0,48029191006.0
568,2016,TX,Texas,San Antonio,Census Tract,4865000-48029160300,CrdPrv,13.3,11.8,14.8,"5,228","(29.3912300191, -98.5263990242)",4865000.0,48029160300.0
722,2016,TX,Texas,San Antonio,Census Tract,4865000-48029191411,CrdPrv,9.7,8.8,10.6,"4,434","(29.5675268126, -98.5122170985)",4865000.0,48029191411.0
744,2016,TX,Texas,San Antonio,Census Tract,4865000-48029121508,CrdPrv,15.8,14.0,17.8,58,"(29.5068430783, -98.3663391414)",4865000.0,48029121508.0
780,2016,TX,Texas,San Antonio,Census Tract,4865000-48029181826,CrdPrv,9.6,8.8,10.5,"6,043","(29.5528322698, -98.638676843)",4865000.0,48029181826.0
797,2016,TX,Texas,San Antonio,Census Tract,4865000-48029172007,CrdPrv,8.8,7.9,9.8,540,"(29.4694114065, -98.7163927198)",4865000.0,48029172007.0
864,2016,TX,Texas,San Antonio,Census Tract,4865000-48029171922,CrdPrv,11.1,10.0,12.3,100,"(29.4119823669, -98.6780468871)",4865000.0,48029171922.0
894,2016,TX,Texas,San Antonio,Census Tract,4865000-48029171301,CrdPrv,15.3,13.6,17.0,"2,906","(29.4454139366, -98.567392637)",4865000.0,48029171301.0
936,2016,TX,Texas,San Antonio,Census Tract,4865000-48029181816,CrdPrv,9.4,8.5,10.3,"4,237","(29.5554862481, -98.6079381937)",4865000.0,48029181816.0
1019,2016,TX,Texas,San Antonio,Census Tract,4865000-48029181809,CrdPrv,12.7,11.6,13.9,"6,362","(29.5502248681, -98.6239854406)",4865000.0,48029181809.0
1086,2016,TX,Texas,San Antonio,Census Tract,4865000-48029181820,CrdPrv,15.8,13.4,17.6,"7,202","(29.579049829, -98.6150702306)",4865000.0,48029181820.0
1163,2016,TX,Texas,San Antonio,Census Tract,4865000-48029161801,CrdPrv,11.8,10.9,12.7,"4,028","(29.3847024363, -98.6479598598)",4865000.0,48029161801.0
1396,2016,TX,Texas,San Antonio,Census Tract,4865000-48029170800,CrdPrv,17.9,16.7,19.1,"1,568","(29.4342681593, -98.5477902506)",4865000.0,48029170800.0
1422,2016,TX,Texas,San Antonio,Census Tract,4865000-48029190504,CrdPrv,12.6,11.2,14.0,"2,881","(29.4597561544, -98.5118768057)",4865000.0,48029190504.0
1447,2016,TX,Texas,San Antonio,Census Tract,4865000-48029190604,CrdPrv,13.7,12.2,15.4,"4,438","(29.4746213549, -98.5135765693)",4865000.0,48029190604.0
1746,2016,TX,Texas,San Antonio,Census Tract,4865000-48029131609,CrdPrv,11.7,10.9,12.7,"3,270","(29.506034388, -98.3254547146)",4865000.0,48029131609.0
1763,2016,TX,Texas,San Antonio,Census Tract,4865000-48029160702,CrdPrv,14.4,13.3,15.7,"5,314","(29.3962606218, -98.556947298)",4865000.0,48029160702.0
1765,2016,TX,Texas,San Antonio,Census Tract,4865000-48029141403,CrdPrv,12.0,11.0,13.1,"3,717","(29.3586567723, -98.4272774535)",4865000.0,48029141403.0
1789,2016,TX,Texas,San Antonio,Census Tract,4865000-48029171915,CrdPrv,11.4,10.5,12.4,"2,284","(29.4230862064, -98.6836636776)",4865000.0,48029171915.0
1946,2016,TX,Texas,San Antonio,Census Tract,4865000-48029180400,CrdPrv,14.4,12.8,16.1,"4,296","(29.4626758629, -98.5708716087)",4865000.0,48029180400.0
2006,2016,TX,Texas,San Antonio,Census Tract,4865000-48029140400,CrdPrv,11.9,10.5,13.2,"3,824","(29.3968163461, -98.4673941519)",4865000.0,48029140400.0
2213,2016,TX,Texas,San Antonio,Census Tract,4865000-48029120701,CrdPrv,11.4,10.7,12.1,"5,326","(29.5128588585, -98.4694918857)",4865000.0,48029120701.0
2264,2016,TX,Texas,San Antonio,Census Tract,4865000-48029181815,CrdPrv,9.8,9.0,10.6,"2,973","(29.551254682, -98.5943597034)",4865000.0,48029181815.0
2342,2016,TX,Texas,San Antonio,Census Tract,4865000-48029191408,CrdPrv,12.9,12.2,13.7,"2,989","(29.5497218801, -98.5149786585)",4865000.0,48029191408.0
2456,2016,TX,Texas,San Antonio,Census Tract,4865000-48029151302,CrdPrv,13.4,12.3,14.5,"3,148","(29.3295043036, -98.5242467264)",4865000.0,48029151302.0
2566,2016,TX,Texas,San Antonio,Census Tract,4865000-48029191505,CrdPrv,6.9,6.2,7.9,"2,079","(29.5542772528, -98.5539080538)",4865000.0,48029191505.0
2576,2016,TX,Texas,San Antonio,Census Tract,4865000-48029181808,CrdPrv,11.6,10.4,12.8,"1,478","(29.5377352232, -98.5979600726)",4865000.0,48029181808.0
2633,2016,TX,Texas,San Antonio,Census Tract,4865000-48029182003,CrdPrv,8.4,7.6,9.3,"2,403","(29.5931586396, -98.6404670313)",4865000.0,48029182003.0
2810,2016,TX,Texas,San Antonio,Census Tract,4865000-48029191813,CrdPrv,9.0,8.3,9.8,"6,742","(29.645145668, -98.4994393901)",4865000.0,48029191813.0
3060,2016,TX,Texas,San Antonio,Census Tract,4865000-48029161100,CrdPrv,14.7,13.4,16.0,"8,623","(29.3275406452, -98.5759118866)",4865000.0,48029161100.0
3338,2016,TX,Texas,San Antonio,Census Tract,4865000-48029170500,CrdPrv,13.2,11.8,14.6,"4,585","(29.4497215898, -98.5275060906)",4865000.0,48029170500.0
3385,2016,TX,Texas,San Antonio,Census Tract,4865000-48029190700,CrdPrv,14.3,12.7,15.8,"3,060","(29.477463084, -98.4955936813)",4865000.0,48029190700.0
3456,2016,TX,Texas,San Antonio,Census Tract,4865000-48029180201,CrdPrv,14.9,13.3,16.4,"5,040","(29.4778082912, -98.5329442127)",4865000.0,48029180201.0
3457,2016,TX,Texas,San Antonio,Census Tract,4865000-48029181720,CrdPrv,9.2,8.3,10.0,"4,420","(29.5394199425, -98.6633759106)",4865000.0,48029181720.0
3671,2016,TX,Texas,San Antonio,Census Tract,4865000-48029191900,CrdPrv,15.9,14.3,17.5,"4,922","(29.4280861196, -98.4704183013)",4865000.0,48029191900.0
3826,2016,TX,Texas,San Antonio,Census Tract,4865000-48029121120,CrdPrv,10.5,9.6,11.5,"5,103","(29.5570598707, -98.4369375906)",4865000.0,48029121120.0
4146,2016,TX,Texas,San Antonio,Census Tract,4865000-48029160501,CrdPrv,18.5,16.3,20.5,"4,117","(29.4112776461, -98.5387850072)",4865000.0,48029160501.0
4306,2016,TX,Texas,San Antonio,Census Tract,4865000-48029121119,CrdPrv,11.5,10.6,12.4,"5,362","(29.5609971793, -98.4510976995)",4865000.0,48029121119.0
4376,2016,TX,Texas,San Antonio,Census Tract,4865000-48029191003,CrdPrv,14.2,12.8,15.8,"7,762","(29.5018237536, -98.5199757776)",4865000.0,48029191003.0
4433,2016,TX,Texas,San Antonio,Census Tract,4865000-48029180602,CrdPrv,10.4,9.5,11.2,"3,155","(29.4777796137, -98.5562676089)",4865000.0,48029180602.0
4631,2016,TX,Texas,San Antonio,Census Tract,4865000-48029160901,CrdPrv,15.5,13.8,17.2,"3,164","(29.3676062443, -98.5460900593)",4865000.0,48029160901.0
4846,2016,TX,Texas,San Antonio,Census Tract,4865000-48029181814,CrdPrv,10.4,9.2,11.5,"3,409","(29.5780798237, -98.5891604864)",4865000.0,48029181814.0
4962,2016,TX,Texas,San Antonio,Census Tract,4865000-48029131506,CrdPrv,11.1,10.0,12.5,315,"(29.4364676211, -98.3733676882)",4865000.0,48029131506.0
5268,2016,TX,Texas,San Antonio,Census Tract,4865000-48029140300,CrdPrv,15.5,14.0,17.1,"3,358","(29.3866881786, -98.4831444396)",4865000.0,48029140300.0
5461,2016,TX,Texas,San Antonio,Census Tract,4865000-48029191812,CrdPrv,8.2,7.6,8.9,"3,374","(29.653507038, -98.4885467415)",4865000.0,48029191812.0
5500,2016,TX,Texas,San Antonio,Census Tract,4865000-48029131615,CrdPrv,11.8,11.0,12.7,"1,533","(29.4766899303, -98.3546541188)",4865000.0,48029131615.0
5612,2016,TX,Texas,San Antonio,Census Tract,4865000-48029170300,CrdPrv,16.1,14.3,18.0,"6,299","(29.4217785386, -98.5341926314)",4865000.0,48029170300.0
5641,2016,TX,Texas,San Antonio,Census Tract,4865000-48029181901,CrdPrv,12.4,11.2,13.7,"3,452","(29.6020328114, -98.6148430928)",4865000.0,48029181901.0
5645,2016,TX,Texas,San Antonio,Census Tract,4865000-48029140700,CrdPrv,12.5,11.4,13.6,"4,734","(29.3875218197, -98.4609819533)",4865000.0,48029140700.0
5669,2016,TX,Texas,San Antonio,Census Tract,4865000-48029181818,CrdPrv,11.4,10.4,12.6,"4,701","(29.5287254472, -98.6105707633)",4865000.0,48029181818.0
5855,2016,TX,Texas,San Antonio,Census Tract,4865000-48029181704,CrdPrv,12.1,11.2,13.1,"4,481","(29.5018409872, -98.6362059742)",4865000.0,48029181704.0
5893,2016,TX,Texas,San Antonio,Census Tract,4865000-48029151400,CrdPrv,16.2,14.4,17.8,"4,507","(29.3496029391, -98.5100569005)",4865000.0,48029151400.0
5939,2016,TX,Texas,San Antonio,Census Tract,4865000-48029121812,CrdPrv,11.5,10.8,12.2,"6,028","(29.5902485519, -98.3672304497)",4865000.0,48029121812.0
5948,2016,TX,Texas,San Antonio,Census Tract,4865000-48029171401,CrdPrv,15.3,13.8,17.0,"4,284","(29.4412940233, -98.5947362587)",4865000.0,48029171401.0
6047,2016,TX,Texas,San Antonio,Census Tract,4865000-48029121204,CrdPrv,11.9,11.1,12.7,"7,747","(29.5263504848, -98.4207162984)",4865000.0,48029121204.0
6125,2016,TX,Texas,San Antonio,Census Tract,4865000-48029120600,CrdPrv,11.3,10.4,12.3,"5,970","(29.4900209868, -98.4454905982)",4865000.0,48029120600.0
6210,2016,TX,Texas,San Antonio,Census Tract,4865000-48029161303,CrdPrv,16.7,14.9,18.7,"4,503","(29.3428267716, -98.60672217)",4865000.0,48029161303.0
6218,2016,TX,Texas,San Antonio,Census Tract,4865000-48029141300,CrdPrv,13.0,12.1,14.0,"5,591","(29.375527555, -98.4146439546)",4865000.0,48029141300.0
6272,2016,TX,Texas,San Antonio,Census Tract,4865000-48029161304,CrdPrv,17.6,15.9,19.5,"4,290","(29.3493752573, -98.5922245894)",4865000.0,48029161304.0
6364,2016,TX,Texas,San Antonio,Census Tract,4865000-48029120502,CrdPrv,15.9,14.8,17.1,"5,155","(29.5045518532, -98.4076086997)",4865000.0,48029120502.0
6518,2016,TX,Texas,San Antonio,Census Tract,4865000-48029180701,CrdPrv,10.1,9.2,11.1,"3,982","(29.4988121959, -98.565957767)",4865000.0,48029180701.0
6700,2016,TX,Texas,San Antonio,Census Tract,4865000-48029121403,CrdPrv,12.9,12.1,13.7,"4,957","(29.503317936, -98.3817179267)",4865000.0,48029121403.0
6721,2016,TX,Texas,San Antonio,Census Tract,4865000-48029150100,CrdPrv,13.3,11.6,15.0,"5,099","(29.4037273779, -98.5033075222)",4865000.0,48029150100.0
6729,2016,TX,Texas,San Antonio,Census Tract,4865000-48029131802,CrdPrv,11.2,9.9,12.5,57,"(29.4515572114, -98.3173723801)",4865000.0,48029131802.0
6731,2016,TX,Texas,San Antonio,Census Tract,4865000-48029180503,CrdPrv,11.9,10.7,13.1,"4,416","(29.4602851914, -98.5926505609)",4865000.0,48029180503.0
6786,2016,TX,Texas,San Antonio,Census Tract,4865000-48029110800,CrdPrv,12.0,10.9,13.2,"1,965","(29.4423625566, -98.4929855727)",4865000.0,48029110800.0
6892,2016,TX,Texas,San Antonio,Census Tract,4865000-48029131402,CrdPrv,15.1,14.3,16.1,"2,449","(29.4056713878, -98.3821749412)",4865000.0,48029131402.0
6894,2016,TX,Texas,San Antonio,Census Tract,4865000-48029180902,CrdPrv,13.0,11.8,14.4,"7,968","(29.4990426056, -98.5302996701)",4865000.0,48029180902.0
6971,2016,TX,Texas,San Antonio,Census Tract,4865000-48029190603,CrdPrv,14.0,12.7,15.5,"2,946","(29.4734311771, -98.5035897807)",4865000.0,48029190603.0
6983,2016,TX,Texas,San Antonio,Census Tract,4865000-48029140500,CrdPrv,13.2,11.8,14.7,"4,042","(29.396405395, -98.4549963377)",4865000.0,48029140500.0
7071,2016,TX,Texas,San Antonio,Census Tract,4865000-48029171302,CrdPrv,13.5,11.9,15.5,"5,019","(29.4537274881, -98.5705466158)",4865000.0,48029171302.0
7097,2016,TX,Texas,San Antonio,Census Tract,4865000-48029140100,CrdPrv,13.6,12.3,15.2,"1,645","(29.4064085871, -98.478784496)",4865000.0,48029140100.0
7276,2016,TX,Texas,San Antonio,Census Tract,4865000-48029131505,CrdPrv,12.7,11.7,13.6,"3,567","(29.472795024, -98.366300009)",4865000.0,48029131505.0
7283,2016,TX,Texas,San Antonio,Census Tract,4865000-48029181825,CrdPrv,10.2,9.2,11.3,"3,042","(29.5531884175, -98.6549015766)",4865000.0,48029181825.0
7357,2016,TX,Texas,San Antonio,Census Tract,4865000-48029130800,CrdPrv,16.2,15.2,17.2,"4,848","(29.4346640918, -98.4306483531)",4865000.0,48029130800.0
7858,2016,TX,Texas,San Antonio,Census Tract,4865000-48029181811,CrdPrv,9.8,9.0,10.6,"4,034","(29.5324054701, -98.6393740139)",4865000.0,48029181811.0
7960,2016,TX,Texas,San Antonio,Census Tract,4865000-48029131100,CrdPrv,16.2,15.0,17.3,"2,438","(29.4055970197, -98.4268218832)",4865000.0,48029131100.0
8011,2016,TX,Texas,San Antonio,Census Tract,4865000-48029161504,CrdPrv,15.9,14.3,17.4,"4,341","(29.355100677, -98.6170565735)",4865000.0,48029161504.0
8060,2016,TX,Texas,San Antonio,Census Tract,4865000-48029190400,CrdPrv,11.7,9.8,13.3,"4,021","(29.4630701335, -98.4894507323)",4865000.0,48029190400.0
8177,2016,TX,Texas,San Antonio,Census Tract,4865000-48029121117,CrdPrv,9.5,8.7,10.4,"4,448","(29.5958088869, -98.4620211865)",4865000.0,48029121117.0
8207,2016,TX,Texas,San Antonio,Census Tract,4865000-48029120702,CrdPrv,8.5,7.5,9.6,"4,477","(29.4999854598, -98.4718962088)",4865000.0,48029120702.0
8264,2016,TX,Texas,San Antonio,Census Tract,4865000-48029181403,CrdPrv,11.6,10.8,12.5,"5,635","(29.5257754943, -98.579716398)",4865000.0,48029181403.0
8458,2016,TX,Texas,San Antonio,Census Tract,4865000-48029181716,CrdPrv,12.0,11.0,13.0,"7,342","(29.5070513057, -98.6929845791)",4865000.0,48029181716.0
8649,2016,TX,Texas,San Antonio,Census Tract,4865000-48029181724,CrdPrv,10.0,8.9,11.0,"2,542","(29.5453806697, -98.6851091437)",4865000.0,48029181724.0
8751,2016,TX,Texas,San Antonio,Census Tract,4865000-48029161501,CrdPrv,14.2,12.8,15.6,"7,656","(29.3647922136, -98.6074114039)",4865000.0,48029161501.0
8765,2016,TX,Texas,San Antonio,Census Tract,4865000-48029191202,CrdPrv,11.1,10.3,11.9,"5,345","(29.5326522552, -98.5075928327)",4865000.0,48029191202.0
8807,2016,TX,Texas,San Antonio,Census Tract,4865000-48029141000,CrdPrv,15.2,13.9,16.8,"3,557","(29.3709841661, -98.4573460437)",4865000.0,48029141000.0
8876,2016,TX,Texas,San Antonio,Census Tract,4865000-48029171916,CrdPrv,11.3,10.3,12.3,"4,417","(29.4292554095, -98.6983625829)",4865000.0,48029171916.0
8954,2016,TX,Texas,San Antonio,Census Tract,4865000-48029121903,CrdPrv,9.0,7.9,10.1,"4,765","(29.6212808134, -98.4316707568)",4865000.0,48029121903.0
9092,2016,TX,Texas,San Antonio,Census Tract,4865000-48029181504,CrdPrv,11.4,10.5,12.3,"5,796","(29.5054789434, -98.5935314663)",4865000.0,48029181504.0
9137,2016,TX,Texas,San Antonio,Census Tract,4865000-48029121904,CrdPrv,9.0,8.1,10.1,"3,564","(29.6371626602, -98.4432631392)",4865000.0,48029121904.0
9140,2016,TX,Texas,San Antonio,Census Tract,4865000-48029180702,CrdPrv,11.6,10.8,12.3,"6,576","(29.4936302583, -98.5844475405)",4865000.0,48029180702.0
9458,2016,TX,Texas,San Antonio,Census Tract,4865000-48029181728,CrdPrv,11.0,10.0,12.0,"2,266","(29.5033145803, -98.7095306352)",4865000.0,48029181728.0
9521,2016,TX,Texas,San Antonio,Census Tract,4865000-48029131401,CrdPrv,12.3,11.3,13.5,"6,632","(29.3788266014, -98.3745924866)",4865000.0,48029131401.0
9611,2016,TX,Texas,San Antonio,Census Tract,4865000-48029161503,CrdPrv,14.6,13.1,16.3,"3,901","(29.3558349822, -98.6267722457)",4865000.0,48029161503.0
9674,2016,TX,Texas,San Antonio,Census Tract,4865000-48029161200,CrdPrv,15.9,14.2,17.7,"2,022","(29.2990111909, -98.5821053391)",4865000.0,48029161200.0
9988,2016,TX,Texas,San Antonio,Census Tract,4865000-48029181823,CrdPrv,13.0,11.7,14.3,"2,495","(29.5772471047, -98.6388208517)",4865000.0,48029181823.0
10037,2016,TX,Texas,San Antonio,Census Tract,4865000-48029192000,CrdPrv,12.7,11.5,13.9,"5,244","(29.459723664, -98.4693816785)",4865000.0,48029192000.0
10084,2016,TX,Texas,San Antonio,Census Tract,4865000-48029160200,CrdPrv,12.6,11.5,13.7,"2,676","(29.3999438551, -98.5183672037)",4865000.0,48029160200.0
10289,2016,TX,Texas,San Antonio,Census Tract,4865000-48029191405,CrdPrv,9.7,8.8,10.5,"6,996","(29.5639601347, -98.5308969536)",4865000.0,48029191405.0
10402,2016,TX,Texas,San Antonio,Census Tract,4865000-48029191413,CrdPrv,9.7,8.9,10.5,"6,032","(29.5785912194, -98.5250538621)",4865000.0,48029191413.0
10422,2016,TX,Texas,San Antonio,Census Tract,4865000-48029181723,CrdPrv,11.2,10.3,12.1,"4,591","(29.5212191435, -98.6784204609)",4865000.0,48029181723.0
10428,2016,TX,Texas,San Antonio,Census Tract,4865000-48029121108,CrdPrv,9.5,8.7,10.3,"7,109","(29.5664165652, -98.4701059785)",4865000.0,48029121108.0
10612,2016,TX,Texas,San Antonio,Census Tract,4865000-48029170401,CrdPrv,17.9,16.4,19.5,"4,634","(29.44094733, -98.53163931)",4865000.0,48029170401.0
10663,2016,TX,Texas,San Antonio,Census Tract,4865000-48029181715,CrdPrv,11.2,10.3,12.3,"6,379","(29.4994277596, -98.6859052658)",4865000.0,48029181715.0
10698,2016,TX,Texas,San Antonio,Census Tract,4865000-48029161802,CrdPrv,14.6,13.7,15.7,"5,319","(29.3420196159, -98.6473702035)",4865000.0,48029161802.0
10715,2016,TX,Texas,San Antonio,Census Tract,4865000-48029191005,CrdPrv,13.6,12.2,15.0,"2,272","(29.4853883556, -98.5040057391)",4865000.0,48029191005.0
10854,2016,TX,Texas,San Antonio,Census Tract,4865000-48029120800,CrdPrv,7.9,7.0,9.0,"6,334","(29.5051548992, -98.4462680809)",4865000.0,48029120800.0
11030,2016,TX,Texas,San Antonio,Census Tract,4865000-48029121118,CrdPrv,10.4,9.5,11.3,"5,620","(29.5959791405, -98.4464201945)",4865000.0,48029121118.0
11130,2016,TX,Texas,San Antonio,Census Tract,4865000-48029121810,CrdPrv,11.0,10.1,12.0,"4,387","(29.5919588799, -98.4047936367)",4865000.0,48029121810.0
11149,2016,TX,Texas,San Antonio,Census Tract,4865000-48029171923,CrdPrv,10.6,9.7,11.6,"7,442","(29.4550128405, -98.6510141977)",4865000.0,48029171923.0
11158,2016,TX,Texas,San Antonio,Census Tract,4865000-48029980100,CrdPrv,11.1,9.6,12.3,66,"(29.3834098988, -98.5725946621)",4865000.0,48029980100.0
11318,2016,TX,Texas,San Antonio,Census Tract,4865000-48029181004,CrdPrv,11.0,9.8,12.4,"4,813","(29.5127722909, -98.5597739936)",4865000.0,48029181004.0
11324,2016,TX,Texas,San Antonio,Census Tract,4865000-48029150700,CrdPrv,13.5,12.5,14.6,"6,162","(29.3750351829, -98.4963581229)",4865000.0,48029150700.0
11333,2016,TX,Texas,San Antonio,Census Tract,4865000-48029181005,CrdPrv,14.6,13.3,16.0,"3,799","(29.5023812795, -98.554084036)",4865000.0,48029181005.0
11368,2016,TX,Texas,San Antonio,Census Tract,4865000-48029171501,CrdPrv,15.5,13.8,17.1,"2,846","(29.4156576851, -98.581289781)",4865000.0,48029171501.0
11497,2016,TX,Texas,San Antonio,Census Tract,4865000-48029130600,CrdPrv,18.8,17.4,20.3,"4,595","(29.4303224163, -98.4521995659)",4865000.0,48029130600.0
11567,2016,TX,Texas,San Antonio,Census Tract,4865000-48029191303,CrdPrv,9.6,8.6,10.5,"1,561","(29.5534957776, -98.4787865678)",4865000.0,48029191303.0
11597,2016,TX,Texas,San Antonio,Census Tract,4865000-48029192100,CrdPrv,8.6,7.9,9.5,"2,077","(29.4083735931, -98.4938181865)",4865000.0,48029192100.0
11662,2016,TX,Texas,San Antonio,Census Tract,4865000-48029121110,CrdPrv,10.4,9.4,11.5,"4,895","(29.5843744004, -98.4146199225)",4865000.0,48029121110.0
11720,2016,TX,Texas,San Antonio,Census Tract,4865000-48029181718,CrdPrv,9.9,9.0,10.8,"5,208","(29.5278207034, -98.6716387987)",4865000.0,48029181718.0
11837,2016,TX,Texas,San Antonio,Census Tract,4865000-48029131504,CrdPrv,14.6,13.2,16.0,337,"(29.4468686206, -98.3915693196)",4865000.0,48029131504.0
12059,2016,TX,Texas,San Antonio,Census Tract,4865000-48029121404,CrdPrv,16.3,15.4,17.2,"4,945","(29.4808816522, -98.3934113218)",4865000.0,48029121404.0
12292,2016,TX,Texas,San Antonio,Census Tract,4865000-48029181721,CrdPrv,10.0,9.2,10.9,"3,508","(29.5415787764, -98.6728035993)",4865000.0,48029181721.0
12374,2016,TX,Texas,San Antonio,Census Tract,4865000-48029180901,CrdPrv,12.2,11.1,13.3,"5,181","(29.4970058441, -98.5401374525)",4865000.0,48029180901.0
12386,2016,TX,Texas,San Antonio,Census Tract,4865000-48029120501,CrdPrv,13.5,12.7,14.4,"8,151","(29.4830103407, -98.4133765357)",4865000.0,48029120501.0
12407,2016,TX,Texas,San Antonio,Census Tract,4865000-48029181505,CrdPrv,9.0,8.2,9.9,"1,267","(29.496237833, -98.5977925106)",4865000.0,48029181505.0
12599,2016,TX,Texas,San Antonio,Census Tract,4865000-48029131507,CrdPrv,15.3,14.0,16.5,"5,430","(29.4651350616, -98.369136822)",4865000.0,48029131507.0
12897,2016,TX,Texas,San Antonio,Census Tract,4865000-48029190100,CrdPrv,13.8,12.8,14.8,"3,755","(29.4481233501, -98.5070914277)",4865000.0,48029190100.0
12933,2016,TX,Texas,San Antonio,Census Tract,4865000-48029121116,CrdPrv,10.8,9.8,11.9,"4,839","(29.5839833412, -98.4650426126)",4865000.0,48029121116.0
12965,2016,TX,Texas,San Antonio,Census Tract,4865000-48029181817,CrdPrv,10.9,9.8,12.2,"1,819","(29.5165688282, -98.6125440043)",4865000.0,48029181817.0
13094,2016,TX,Texas,San Antonio,Census Tract,4865000-48029120901,CrdPrv,11.7,10.6,13.0,"2,077","(29.5217077263, -98.4384138017)",4865000.0,48029120901.0
13149,2016,TX,Texas,San Antonio,Census Tract,4865000-48029121122,CrdPrv,9.7,8.8,10.7,"5,390","(29.5751078785, -98.426330951)",4865000.0,48029121122.0
13282,2016,TX,Texas,San Antonio,Census Tract,4865000-48029180504,CrdPrv,14.4,13.0,15.8,"4,491","(29.4522950552, -98.5919003589)",4865000.0,48029180504.0
13297,2016,TX,Texas,San Antonio,Census Tract,4865000-48029181001,CrdPrv,12.2,10.8,13.5,"3,272","(29.5138911798, -98.5416983622)",4865000.0,48029181001.0
13442,2016,TX,Texas,San Antonio,Census Tract,4865000-48029121501,CrdPrv,10.5,9.4,11.5,240,"(29.5436765316, -98.3598591399)",4865000.0,48029121501.0
13497,2016,TX,Texas,San Antonio,Census Tract,4865000-48029182002,CrdPrv,9.2,8.1,10.3,"5,164","(29.5958184694, -98.664391795)",4865000.0,48029182002.0
13539,2016,TX,Texas,San Antonio,Census Tract,4865000-48029121909,CrdPrv,10.4,9.5,11.4,"1,076","(29.5967959506, -98.3394402069)",4865000.0,48029121909.0
13555,2016,TX,Texas,San Antonio,Census Tract,4865000-48029141200,CrdPrv,13.9,12.7,15.0,"6,885","(29.3802575216, -98.439554591)",4865000.0,48029141200.0
13664,2016,TX,Texas,San Antonio,Census Tract,4865000-48029191702,CrdPrv,9.0,8.1,10.1,"4,219","(29.5967957127, -98.5003931442)",4865000.0,48029191702.0
13698,2016,TX,Texas,San Antonio,Census Tract,4865000-48029110900,CrdPrv,9.5,8.6,10.5,549,"(29.4389349965, -98.4828415372)",4865000.0,48029110900.0
13920,2016,TX,Texas,San Antonio,Census Tract,4865000-48029141101,CrdPrv,16.4,14.9,17.7,"4,438","(29.3575555476, -98.4534388091)",4865000.0,48029141101.0
13960,2016,TX,Texas,San Antonio,Census Tract,4865000-48029140800,CrdPrv,15.2,13.8,16.7,"5,028","(29.3776566946, -98.4696195154)",4865000.0,48029140800.0
13988,2016,TX,Texas,San Antonio,Census Tract,4865000-48029180202,CrdPrv,12.4,11.2,13.5,"5,359","(29.4742577793, -98.5421230558)",4865000.0,48029180202.0
14112,2016,TX,Texas,San Antonio,Census Tract,4865000-48029191409,CrdPrv,12.8,11.6,14.0,"5,906","(29.5431097999, -98.5208730966)",4865000.0,48029191409.0
14237,2016,TX,Texas,San Antonio,Census Tract,4865000-48029170101,CrdPrv,17.0,15.6,18.5,"3,839","(29.4399155379, -98.5190680863)",4865000.0,48029170101.0
14269,2016,TX,Texas,San Antonio,Census Tract,4865000-48029191004,CrdPrv,15.3,14.0,16.5,"3,730","(29.496147805, -98.5066124548)",4865000.0,48029191004.0
14696,2016,TX,Texas,San Antonio,Census Tract,4865000-48029181301,CrdPrv,10.3,9.5,11.2,"4,191","(29.5481942876, -98.5599515919)",4865000.0,48029181301.0
14790,2016,TX,Texas,San Antonio,Census Tract,4865000-48029190901,CrdPrv,11.9,10.8,12.9,"5,322","(29.5060036458, -98.4982958283)",4865000.0,48029190901.0
14908,2016,TX,Texas,San Antonio,Census Tract,4865000-48029151000,CrdPrv,15.4,13.8,17.0,"3,365","(29.3625271397, -98.5102428109)",4865000.0,48029151000.0
14968,2016,TX,Texas,San Antonio,Census Tract,4865000-48029171700,CrdPrv,15.6,14.2,17.1,"7,520","(29.4355844772, -98.6272615695)",4865000.0,48029171700.0
15174,2016,TX,Texas,San Antonio,Census Tract,4865000-48029131606,CrdPrv,10.7,9.5,11.8,251,"(29.4786255767, -98.2998128026)",4865000.0,48029131606.0
15217,2016,TX,Texas,San Antonio,Census Tract,4865000-48029121813,CrdPrv,11.9,10.9,12.9,"1,637","(29.5993925622, -98.3733466126)",4865000.0,48029121813.0
15232,2016,TX,Texas,San Antonio,Census Tract,4865000-48029131200,CrdPrv,15.2,14.3,16.1,"3,361","(29.3969294407, -98.4141745522)",4865000.0,48029131200.0
15373,2016,TX,Texas,San Antonio,Census Tract,4865000-48029171602,CrdPrv,16.5,15.0,17.9,"3,135","(29.4222416621, -98.602307395)",4865000.0,48029171602.0
15389,2016,TX,Texas,San Antonio,Census Tract,4865000-48029110500,CrdPrv,22.0,19.6,24.2,"2,238","(29.4174010158, -98.5088883394)",4865000.0,48029110500.0
15542,2016,TX,Texas,San Antonio,Census Tract,4865000-48029181713,CrdPrv,11.8,10.7,12.9,"7,319","(29.4870382013, -98.6477558083)",4865000.0,48029181713.0
15803,2016,TX,Texas,San Antonio,Census Tract,4865000-48029181602,CrdPrv,12.7,11.8,13.9,"5,575","(29.4579251522, -98.6140372685)",4865000.0,48029181602.0
15913,2016,TX,Texas,San Antonio,Census Tract,4865000-48029171601,CrdPrv,17.8,16.2,19.6,"4,462","(29.4174728291, -98.6179734983)",4865000.0,48029171601.0
15969,2016,TX,Texas,San Antonio,Census Tract,4865000-48029130401,CrdPrv,16.5,15.3,17.7,"4,107","(29.4080416652, -98.4543968953)",4865000.0,48029130401.0
16010,2016,TX,Texas,San Antonio,Census Tract,4865000-48029171402,CrdPrv,15.1,13.9,16.4,"5,433","(29.4425398642, -98.5819502128)",4865000.0,48029171402.0
16040,2016,TX,Texas,San Antonio,Census Tract,4865000-48029191701,CrdPrv,8.5,7.5,9.5,293,"(29.5821974926, -98.5001510437)",4865000.0,48029191701.0
16061,2016,TX,Texas,San Antonio,Census Tract,4865000-48029151700,CrdPrv,12.6,11.7,13.5,"6,423","(29.3294560047, -98.5006291916)",4865000.0,48029151700.0
16079,2016,TX,Texas,San Antonio,Census Tract,4865000-48029191816,CrdPrv,8.1,7.3,9.0,"2,761","(29.6172552342, -98.5019083415)",4865000.0,48029191816.0
16264,2016,TX,Texas,San Antonio,Census Tract,4865000-48029191808,CrdPrv,9.3,8.3,10.3,895,"(29.6514068344, -98.468920134)",4865000.0,48029191808.0
16522,2016,TX,Texas,San Antonio,Census Tract,4865000-48029181703,CrdPrv,10.4,9.4,11.4,"6,952","(29.5274501685, -98.6514036123)",4865000.0,48029181703.0
16530,2016,TX,Texas,San Antonio,Census Tract,4865000-48029130500,CrdPrv,18.1,17.1,19.1,"4,146","(29.4192225565, -98.4521675053)",4865000.0,48029130500.0
16717,2016,TX,Texas,San Antonio,Census Tract,4865000-48029191503,CrdPrv,8.6,7.9,9.3,"5,216","(29.5747045496, -98.5732862696)",4865000.0,48029191503.0
16746,2016,TX,Texas,San Antonio,Census Tract,4865000-48029181302,CrdPrv,10.5,9.8,11.4,"6,188","(29.541797116, -98.5657884386)",4865000.0,48029181302.0
16834,2016,TX,Texas,San Antonio,Census Tract,4865000-48029161302,CrdPrv,15.2,13.5,17.0,"5,889","(29.3327828477, -98.6131747158)",4865000.0,48029161302.0
16856,2016,TX,Texas,San Antonio,Census Tract,4865000-48029151900,CrdPrv,14.0,12.9,15.0,"3,811","(29.2935488652, -98.4842824127)",4865000.0,48029151900.0
16861,2016,TX,Texas,San Antonio,Census Tract,4865000-48029182102,CrdPrv,9.8,8.7,11.0,"1,684","(29.6709945854, -98.6391913637)",4865000.0,48029182102.0
16975,2016,TX,Texas,San Antonio,Census Tract,4865000-48029151301,CrdPrv,13.4,12.3,14.6,"5,368","(29.3472951131, -98.5256582636)",4865000.0,48029151301.0
16983,2016,TX,Texas,San Antonio,Census Tract,4865000-48029141700,CrdPrv,11.1,10.0,12.3,"1,191","(29.3348174846, -98.4018960084)",4865000.0,48029141700.0
17182,2016,TX,Texas,San Antonio,Census Tract,4865000-48029181821,CrdPrv,10.0,9.0,11.2,"3,525","(29.5407125725, -98.623809028)",4865000.0,48029181821.0
17215,2016,TX,Texas,San Antonio,Census Tract,4865000-48029161600,CrdPrv,14.2,13.0,15.7,"3,958","(29.3931382329, -98.6173812373)",4865000.0,48029161600.0
17358,2016,TX,Texas,San Antonio,Census Tract,4865000-48029150400,CrdPrv,15.2,13.5,16.8,"3,974","(29.3879682037, -98.5173565939)",4865000.0,48029150400.0
17378,2016,TX,Texas,San Antonio,Census Tract,4865000-48029170700,CrdPrv,15.8,14.3,17.3,"4,870","(29.4432733713, -98.5507620046)",4865000.0,48029170700.0
17379,2016,TX,Texas,San Antonio,Census Tract,4865000-48029190501,CrdPrv,11.9,10.8,13.1,"2,878","(29.4601408055, -98.5199435982)",4865000.0,48029190501.0
17660,2016,TX,Texas,San Antonio,Census Tract,4865000-48029181404,CrdPrv,8.3,7.6,9.1,"4,550","(29.5286424399, -98.5882048018)",4865000.0,48029181404.0
17694,2016,TX,Texas,San Antonio,Census Tract,4865000-48029180101,CrdPrv,11.0,10.0,11.9,"5,023","(29.4593322178, -98.5365961315)",4865000.0,48029180101.0
17708,2016,TX,Texas,San Antonio,Census Tract,4865000-48029160600,CrdPrv,17.1,15.7,18.5,"4,899","(29.4113726536, -98.5537033011)",4865000.0,48029160600.0
18055,2016,TX,Texas,San Antonio,Census Tract,4865000-48029121111,CrdPrv,11.9,11.0,12.7,"6,591","(29.5677956591, -98.3980016731)",4865000.0,48029121111.0
18097,2016,TX,Texas,San Antonio,Census Tract,4865000-48029121910,CrdPrv,8.9,7.9,10.0,"2,249","(29.6178348204, -98.3922058559)",4865000.0,48029121910.0
18278,2016,TX,Texas,San Antonio,Census Tract,4865000-48029121115,CrdPrv,8.3,7.5,9.2,"5,141","(29.5753750814, -98.4534243302)",4865000.0,48029121115.0
18767,2016,TX,Texas,San Antonio,Census Tract,4865000-48029181601,CrdPrv,11.4,10.3,12.4,"3,001","(29.473278974, -98.6055942381)",4865000.0,48029181601.0
18850,2016,TX,Texas,San Antonio,Census Tract,4865000-48029121000,CrdPrv,11.1,10.3,12.1,"7,095","(29.5309800792, -98.4447487176)",4865000.0,48029121000.0
18865,2016,TX,Texas,San Antonio,Census Tract,4865000-48029141900,CrdPrv,14.1,12.5,15.7,82,"(29.3581276628, -98.3388876315)",4865000.0,48029141900.0
18956,2016,TX,Texas,San Antonio,Census Tract,4865000-48029110700,CrdPrv,14.6,13.4,15.9,"1,398","(29.4393877356, -98.5040419694)",4865000.0,48029110700.0
19122,2016,TX,Texas,San Antonio,Census Tract,4865000-48029181100,CrdPrv,9.8,9.1,10.5,"5,665","(29.5269346353, -98.5502791231)",4865000.0,48029181100.0
19157,2016,TX,Texas,San Antonio,Census Tract,4865000-48029190902,CrdPrv,10.5,9.4,11.5,"3,783","(29.4961356203, -98.4853869667)",4865000.0,48029190902.0
19254,2016,TX,Texas,San Antonio,Census Tract,4865000-48029170402,CrdPrv,15.4,13.7,17.2,"5,197","(29.4342883713, -98.5355357606)",4865000.0,48029170402.0
19325,2016,TX,Texas,San Antonio,Census Tract,4865000-48029181711,CrdPrv,10.6,9.6,11.5,"7,741","(29.5093025955, -98.6526996662)",4865000.0,48029181711.0
19348,2016,TX,Texas,San Antonio,Census Tract,4865000-48029171919,CrdPrv,11.8,10.6,13.3,277,"(29.3870235232, -98.6817147652)",4865000.0,48029171919.0
19428,2016,TX,Texas,San Antonio,Census Tract,4865000-48029180501,CrdPrv,13.3,11.9,14.7,"4,536","(29.4702078096, -98.5896328102)",4865000.0,48029180501.0
19455,2016,TX,Texas,San Antonio,Census Tract,4865000-48029150800,CrdPrv,17.7,16.1,19.4,"3,165","(29.3663016934, -98.4771631667)",4865000.0,48029150800.0
19456,2016,TX,Texas,San Antonio,Census Tract,4865000-48029130402,CrdPrv,18.5,17.4,19.6,"3,972","(29.4055240519, -98.4405753668)",4865000.0,48029130402.0
19555,2016,TX,Texas,San Antonio,Census Tract,4865000-48029171920,CrdPrv,11.6,10.5,12.7,"3,256","(29.4073315668, -98.6690066309)",4865000.0,48029171920.0
19630,2016,TX,Texas,San Antonio,Census Tract,4865000-48029171802,CrdPrv,16.1,14.7,17.6,"6,328","(29.4054684215, -98.6359596899)",4865000.0,48029171802.0
19659,2016,TX,Texas,San Antonio,Census Tract,4865000-48029181003,CrdPrv,13.5,12.1,15.0,"6,296","(29.5219141771, -98.5648013802)",4865000.0,48029181003.0
19730,2016,TX,Texas,San Antonio,Census Tract,4865000-48029141102,CrdPrv,15.7,14.3,17.2,"3,973","(29.3626957147, -98.4453441869)",4865000.0,48029141102.0
19771,2016,TX,Texas,San Antonio,Census Tract,4865000-48029152000,CrdPrv,14.8,13.4,16.1,"1,896","(29.2832765912, -98.5340685206)",4865000.0,48029152000.0
19835,2016,TX,Texas,San Antonio,Census Tract,4865000-48029181822,CrdPrv,9.8,9.0,10.7,"4,917","(29.5250503802, -98.6250842174)",4865000.0,48029181822.0
19840,2016,TX,Texas,San Antonio,Census Tract,4865000-48029181506,CrdPrv,11.9,10.6,13.5,"1,067","(29.4854407074, -98.598704238)",4865000.0,48029181506.0
19841,2016,TX,Texas,San Antonio,Census Tract,4865000-48029181725,CrdPrv,12.7,11.8,13.7,"5,411","(29.4669031157, -98.6308916676)",4865000.0,48029181725.0
20120,2016,TX,Texas,San Antonio,Census Tract,4865000-48029191809,CrdPrv,9.2,8.3,10.2,997,"(29.6688381786, -98.4969192943)",4865000.0,48029191809.0
20121,2016,TX,Texas,San Antonio,Census Tract,4865000-48029150600,CrdPrv,15.5,14.4,16.9,"4,371","(29.375288786, -98.5104995041)",4865000.0,48029150600.0
20346,2016,TX,Texas,San Antonio,Census Tract,4865000-48029121803,CrdPrv,11.8,10.9,12.7,"4,549","(29.5548005016, -98.3671632783)",4865000.0,48029121803.0
20409,2016,TX,Texas,San Antonio,Census Tract,4865000-48029181731,CrdPrv,10.7,9.8,11.6,"7,203","(29.5026424305, -98.6726613968)",4865000.0,48029181731.0
20438,2016,TX,Texas,San Antonio,Census Tract,4865000-48029120400,CrdPrv,5.2,4.4,6.2,855,"(29.466894123, -98.4433669735)",4865000.0,48029120400.0
20623,2016,TX,Texas,San Antonio,Census Tract,4865000-48029121300,CrdPrv,10.8,10.2,11.4,"1,999","(29.5265815603, -98.3808494957)",4865000.0,48029121300.0
20844,2016,TX,Texas,San Antonio,Census Tract,4865000-48029141404,CrdPrv,11.8,10.8,12.9,"4,401","(29.3667834362, -98.425703209)",4865000.0,48029141404.0
20937,2016,TX,Texas,San Antonio,Census Tract,4865000-48029152100,CrdPrv,12.3,11.4,13.4,184,"(29.2533478025, -98.5275594208)",4865000.0,48029152100.0
21076,2016,TX,Texas,San Antonio,Census Tract,4865000-48029171913,CrdPrv,13.7,12.3,15.1,"5,322","(29.4237380018, -98.6717674384)",4865000.0,48029171913.0
21126,2016,TX,Texas,San Antonio,Census Tract,4865000-48029110600,CrdPrv,17.7,16.1,19.3,"7,553","(29.4302244696, -98.5074906295)",4865000.0,48029110600.0
21174,2016,TX,Texas,San Antonio,Census Tract,4865000-48029171917,CrdPrv,10.4,9.5,11.3,"8,439","(29.4417609829, -98.6997023897)",4865000.0,48029171917.0
21272,2016,TX,Texas,San Antonio,Census Tract,4865000-48029190503,CrdPrv,12.8,11.4,14.2,"3,459","(29.4596715647, -98.5035886288)",4865000.0,48029190503.0
21294,2016,TX,Texas,San Antonio,Census Tract,4865000-48029121809,CrdPrv,11.7,10.7,12.6,"4,982","(29.5780966088, -98.38214117)",4865000.0,48029121809.0
21426,2016,TX,Texas,San Antonio,Census Tract,4865000-48029150501,CrdPrv,15.6,14.4,16.8,"4,372","(29.3790792861, -98.5256037121)",4865000.0,48029150501.0
21470,2016,TX,Texas,San Antonio,Census Tract,4865000-48029121905,CrdPrv,9.1,8.2,10.1,"3,839","(29.6472656891, -98.4412219376)",4865000.0,48029121905.0
21505,2016,TX,Texas,San Antonio,Census Tract,4865000-48029170900,CrdPrv,15.4,14.2,16.7,"4,324","(29.4236312591, -98.5482353587)",4865000.0,48029170900.0
21640,2016,TX,Texas,San Antonio,Census Tract,4865000-48029171100,CrdPrv,15.6,13.9,17.3,"3,720","(29.4224604204, -98.5686159806)",4865000.0,48029171100.0
21654,2016,TX,Texas,San Antonio,Census Tract,4865000-48029180604,CrdPrv,11.8,10.9,12.8,"5,466","(29.4812227173, -98.570708223)",4865000.0,48029180604.0
21930,2016,TX,Texas,San Antonio,Census Tract,4865000-48029141402,CrdPrv,11.1,9.9,12.3,"3,622","(29.3454981204, -98.4145775978)",4865000.0,48029141402.0
22009,2016,TX,Texas,San Antonio,Census Tract,4865000-48029181813,CrdPrv,10.7,9.7,11.8,"6,011","(29.5567232663, -98.5799131578)",4865000.0,48029181813.0
22072,2016,TX,Texas,San Antonio,Census Tract,4865000-48029170200,CrdPrv,17.4,15.7,19.0,"5,382","(29.421662366, -98.5208933685)",4865000.0,48029170200.0
22097,2016,TX,Texas,San Antonio,Census Tract,4865000-48029181200,CrdPrv,8.9,8.1,9.8,"4,803","(29.5367969616, -98.5392171275)",4865000.0,48029181200.0
22244,2016,TX,Texas,San Antonio,Census Tract,4865000-48029130900,CrdPrv,15.1,14.2,16.1,"4,689","(29.4371696847, -98.4075568249)",4865000.0,48029130900.0
22266,2016,TX,Texas,San Antonio,Census Tract,4865000-48029171801,CrdPrv,13.9,12.6,15.3,"5,443","(29.413116509, -98.6393739879)",4865000.0,48029171801.0
22404,2016,TX,Texas,San Antonio,Census Tract,4865000-48029181402,CrdPrv,11.9,10.7,13.2,"1,995","(29.5122456058, -98.5803118105)",4865000.0,48029181402.0
22511,2016,TX,Texas,San Antonio,Census Tract,4865000-48029171902,CrdPrv,13.3,12.3,14.4,"9,551","(29.4358562656, -98.6533753218)",4865000.0,48029171902.0
22654,2016,TX,Texas,San Antonio,Census Tract,4865000-48029182001,CrdPrv,9.6,8.7,10.5,"3,122","(29.56982841, -98.6576824193)",4865000.0,48029182001.0
22683,2016,TX,Texas,San Antonio,Census Tract,4865000-48029150300,CrdPrv,15.2,14.3,16.1,"4,702","(29.3884112028, -98.5016463187)",4865000.0,48029150300.0
22873,2016,TX,Texas,San Antonio,Census Tract,4865000-48029121802,CrdPrv,13.0,12.1,13.8,"7,575","(29.5741362544, -98.3570123362)",4865000.0,48029121802.0
23059,2016,TX,Texas,San Antonio,Census Tract,4865000-48029121811,CrdPrv,10.3,9.3,11.2,"4,476","(29.5954572439, -98.3931972263)",4865000.0,48029121811.0
23082,2016,TX,Texas,San Antonio,Census Tract,4865000-48029181303,CrdPrv,17.4,16.2,18.8,"3,565","(29.5327948297, -98.5720174931)",4865000.0,48029181303.0
23119,2016,TX,Texas,San Antonio,Census Tract,4865000-48029140600,CrdPrv,14.5,13.0,16.0,"2,632","(29.3927381994, -98.4435776515)",4865000.0,48029140600.0
23142,2016,TX,Texas,San Antonio,Census Tract,4865000-48029181722,CrdPrv,10.1,9.3,11.0,"4,540","(29.5134446236, -98.6725579722)",4865000.0,48029181722.0
23205,2016,TX,Texas,San Antonio,Census Tract,4865000-48029191304,CrdPrv,13.7,12.4,15.2,"3,054","(29.5288447661, -98.4901636239)",4865000.0,48029191304.0
23218,2016,TX,Texas,San Antonio,Census Tract,4865000-48029150502,CrdPrv,14.1,12.6,15.6,"3,940","(29.3717613575, -98.5254763494)",4865000.0,48029150502.0
23313,2016,TX,Texas,San Antonio,Census Tract,4865000-48029171925,CrdPrv,11.4,10.3,12.4,"9,244","(29.4690951534, -98.6620143832)",4865000.0,48029171925.0
23423,2016,TX,Texas,San Antonio,Census Tract,4865000-48029181819,CrdPrv,12.0,10.8,13.2,"5,180","(29.5661163692, -98.609868834)",4865000.0,48029181819.0
23436,2016,TX,Texas,San Antonio,Census Tract,4865000-48029161000,CrdPrv,17.1,15.7,18.4,"3,898","(29.3440058985, -98.5727752221)",4865000.0,48029161000.0
23501,2016,TX,Texas,San Antonio,Census Tract,4865000-48029191807,CrdPrv,8.4,7.5,9.4,"3,401","(29.6260770585, -98.5928154394)",4865000.0,48029191807.0
23845,2016,TX,Texas,San Antonio,Census Tract,4865000-48029190200,CrdPrv,10.5,9.5,11.6,"4,375","(29.4525382607, -98.489807537)",4865000.0,48029190200.0
23948,2016,TX,Texas,San Antonio,Census Tract,4865000-48029171000,CrdPrv,16.6,14.8,18.2,"5,472","(29.4231641716, -98.5596063792)",4865000.0,48029171000.0
23998,2016,TX,Texas,San Antonio,Census Tract,4865000-48029121808,CrdPrv,11.6,10.7,12.3,"3,436","(29.584303492, -98.3897138914)",4865000.0,48029121808.0
24073,2016,TX,Texas,San Antonio,Census Tract,4865000-48029121804,CrdPrv,13.1,12.2,14.0,"6,353","(29.5670519868, -98.3757435223)",4865000.0,48029121804.0
24127,2016,TX,Texas,San Antonio,Census Tract,4865000-48029171502,CrdPrv,15.5,13.9,17.1,"4,831","(29.4271258947, -98.5800478717)",4865000.0,48029171502.0
24189,2016,TX,Texas,San Antonio,Census Tract,4865000-48029131300,CrdPrv,12.0,11.2,12.7,"5,559","(29.3925295895, -98.3976100503)",4865000.0,48029131300.0
24334,2016,TX,Texas,San Antonio,Census Tract,4865000-48029121504,CrdPrv,11.0,10.3,11.6,"3,357","(29.5355165327, -98.3690522466)",4865000.0,48029121504.0
24428,2016,TX,Texas,San Antonio,Census Tract,4865000-48029130300,CrdPrv,15.5,14.2,16.9,"3,303","(29.4073203054, -98.4671910178)",4865000.0,48029130300.0
24437,2016,TX,Texas,San Antonio,Census Tract,4865000-48029191811,CrdPrv,8.4,7.4,9.4,"3,658","(29.6495737911, -98.5109932313)",4865000.0,48029191811.0
24478,2016,TX,Texas,San Antonio,Census Tract,4865000-48029141600,CrdPrv,12.4,10.9,13.8,"4,410","(29.3291059265, -98.4373013705)",4865000.0,48029141600.0
24526,2016,TX,Texas,San Antonio,Census Tract,4865000-48029181727,CrdPrv,11.4,10.4,12.5,"3,168","(29.4718332775, -98.641593302)",4865000.0,48029181727.0
24529,2016,TX,Texas,San Antonio,Census Tract,4865000-48029171903,CrdPrv,13.2,12.0,14.4,"6,626","(29.4065711666, -98.6562223024)",4865000.0,48029171903.0
24669,2016,TX,Texas,San Antonio,Census Tract,4865000-48029140900,CrdPrv,13.9,12.6,15.3,"1,948","(29.3798119253, -98.4548663884)",4865000.0,48029140900.0
24725,2016,TX,Texas,San Antonio,Census Tract,4865000-48029191815,CrdPrv,8.7,7.8,9.7,"5,292","(29.6295575329, -98.5085687514)",4865000.0,48029191815.0
24748,2016,TX,Texas,San Antonio,Census Tract,4865000-48029130700,CrdPrv,17.8,16.4,19.4,"1,728","(29.4394903795, -98.4514072495)",4865000.0,48029130700.0
24897,2016,TX,Texas,San Antonio,Census Tract,4865000-48029121402,CrdPrv,13.8,12.8,14.6,"5,584","(29.4920674494, -98.3686618021)",4865000.0,48029121402.0
24940,2016,TX,Texas,San Antonio,Census Tract,4865000-48029181712,CrdPrv,9.6,8.6,10.5,"3,821","(29.4929997106, -98.6596090601)",4865000.0,48029181712.0
24991,2016,TX,Texas,San Antonio,Census Tract,4865000-48029151600,CrdPrv,13.9,12.9,14.9,"7,244","(29.3411913789, -98.4937924958)",4865000.0,48029151600.0
25148,2016,TX,Texas,San Antonio,Census Tract,4865000-48029111000,CrdPrv,13.5,12.2,14.8,"2,125","(29.4403237207, -98.4708577041)",4865000.0,48029111000.0
25327,2016,TX,Texas,San Antonio,Census Tract,4865000-48029181902,CrdPrv,8.2,7.4,9.2,"2,875","(29.6337355219, -98.628194314)",4865000.0,48029181902.0
25379,2016,TX,Texas,San Antonio,Census Tract,4865000-48029171914,CrdPrv,11.8,10.8,12.9,"5,368","(29.4334404796, -98.6789476247)",4865000.0,48029171914.0
25441,2016,TX,Texas,San Antonio,Census Tract,4865000-48029140200,CrdPrv,13.3,11.8,14.9,"3,033","(29.396212914, -98.4810899276)",4865000.0,48029140200.0
25592,2016,TX,Texas,San Antonio,Census Tract,4865000-48029191506,CrdPrv,8.9,8.3,9.6,"4,842","(29.5602052671, -98.5432132046)",4865000.0,48029191506.0
25636,2016,TX,Texas,San Antonio,Census Tract,4865000-48029110100,CrdPrv,11.9,11.1,12.8,"3,379","(29.4266197686, -98.4907465035)",4865000.0,48029110100.0
25677,2016,TX,Texas,San Antonio,Census Tract,4865000-48029181503,CrdPrv,10.6,9.6,11.7,"6,035","(29.5130820453, -98.6025821619)",4865000.0,48029181503.0
25688,2016,TX,Texas,San Antonio,Census Tract,4865000-48029181824,CrdPrv,10.8,9.9,11.8,"5,060","(29.5653482294, -98.6411643724)",4865000.0,48029181824.0
25862,2016,TX,Texas,San Antonio,Census Tract,4865000-48029191806,CrdPrv,8.0,7.2,8.9,"8,005","(29.6162000232, -98.5358141682)",4865000.0,48029191806.0
25970,2016,TX,Texas,San Antonio,Census Tract,4865000-48029160902,CrdPrv,15.3,13.5,17.0,"4,564","(29.3693473565, -98.5576989539)",4865000.0,48029160902.0
25972,2016,TX,Texas,San Antonio,Census Tract,4865000-48029160502,CrdPrv,13.3,11.8,14.9,"4,096","(29.4027444997, -98.5393755435)",4865000.0,48029160502.0
26073,2016,TX,Texas,San Antonio,Census Tract,4865000-48029181730,CrdPrv,11.2,10.2,12.2,"3,987","(29.4928985063, -98.670312364)",4865000.0,48029181730.0
26189,2016,TX,Texas,San Antonio,Census Tract,4865000-48029121206,CrdPrv,11.2,10.4,12.0,"7,267","(29.5529959255, -98.3918976455)",4865000.0,48029121206.0
26217,2016,TX,Texas,San Antonio,Census Tract,4865000-48029151100,CrdPrv,15.0,14.0,16.0,"6,936","(29.3620773699, -98.5306826375)",4865000.0,48029151100.0
26260,2016,TX,Texas,San Antonio,Census Tract,4865000-48029120100,CrdPrv,12.4,10.9,13.9,"7,129","(29.4609904929, -98.4371538449)",4865000.0,48029120100.0
26261,2016,TX,Texas,San Antonio,Census Tract,4865000-48029160100,CrdPrv,18.2,16.9,19.4,"5,794","(29.4084761065, -98.5212324049)",4865000.0,48029160100.0
26382,2016,TX,Texas,San Antonio,Census Tract,4865000-48029151200,CrdPrv,12.9,11.4,14.5,"9,620","(29.3381691784, -98.5426468378)",4865000.0,48029151200.0
26862,2016,TX,Texas,San Antonio,Census Tract,4865000-48029170600,CrdPrv,13.6,12.0,15.1,"4,628","(29.4519547972, -98.5500507436)",4865000.0,48029170600.0
26976,2016,TX,Texas,San Antonio,Census Tract,4865000-48029121121,CrdPrv,9.1,8.1,10.3,"3,001","(29.5877234392, -98.4324581305)",4865000.0,48029121121.0
27059,2016,TX,Texas,San Antonio,Census Tract,4865000-48029171924,CrdPrv,9.8,9.0,10.7,"4,301","(29.455634833, -98.6762004183)",4865000.0,48029171924.0
27060,2016,TX,Texas,San Antonio,Census Tract,4865000-48029180300,CrdPrv,13.5,12.0,15.0,"4,462","(29.466759096, -98.5575130018)",4865000.0,48029180300.0
27109,2016,TX,Texas,San Antonio,Census Tract,4865000-48029120902,CrdPrv,10.8,10.2,11.5,"6,123","(29.5082046326, -98.4229890256)",4865000.0,48029120902.0
27277,2016,TX,Texas,San Antonio,Census Tract,4865000-48029171912,CrdPrv,10.0,9.1,11.0,"6,197","(29.4799041406, -98.6872547814)",4865000.0,48029171912.0
27323,2016,TX,Texas,San Antonio,Census Tract,4865000-48029131000,CrdPrv,15.3,14.5,16.3,"5,066","(29.4174140689, -98.4069606783)",4865000.0,48029131000.0
27364,2016,TX,Texas,San Antonio,Census Tract,4865000-48029121907,CrdPrv,9.2,8.2,10.2,223,"(29.6384803602, -98.3734103746)",4865000.0,48029121907.0
27382,2016,TX,Texas,San Antonio,Census Tract,4865000-48029151500,CrdPrv,12.8,12.0,13.7,"2,573","(29.3525982021, -98.4923256702)",4865000.0,48029151500.0
27401,2016,TX,Texas,San Antonio,Census Tract,4865000-48029150900,CrdPrv,14.6,13.2,16.1,"5,913","(29.3624269155, -98.4932268549)",4865000.0,48029150900.0
27462,2016,TX,Texas,San Antonio,Census Tract,4865000-48029121203,CrdPrv,13.0,12.3,13.7,"3,996","(29.5337572799, -98.3911324992)",4865000.0,48029121203.0
27699,2016,TX,Texas,San Antonio,Census Tract,4865000-48029181705,CrdPrv,11.5,10.5,12.6,"3,368","(29.4764320931, -98.6177125775)",4865000.0,48029181705.0
27811,2016,TX,Texas,San Antonio,Census Tract,4865000-48029170102,CrdPrv,14.5,13.0,16.0,"3,796","(29.4316250582, -98.5195831659)",4865000.0,48029170102.0
27846,2016,TX,Texas,San Antonio,Census Tract,4865000-48029121205,CrdPrv,15.0,14.3,15.8,"3,496","(29.5411714721, -98.4061544377)",4865000.0,48029121205.0
27957,2016,TX,Texas,San Antonio,Census Tract,4865000-48029171918,CrdPrv,10.6,9.7,11.7,"5,185","(29.4573217357, -98.6960181699)",4865000.0,48029171918.0
27994,2016,TX,Texas,San Antonio,Census Tract,4865000-48029191410,CrdPrv,12.2,11.0,13.4,"5,491","(29.5551413588, -98.5082308044)",4865000.0,48029191410.0
28017,2016,TX,Texas,San Antonio,Census Tract,4865000-48029160701,CrdPrv,14.5,13.0,16.0,"3,392","(29.4062076769, -98.5740697809)",4865000.0,48029160701.0
28047,2016,TX,Texas,San Antonio,Census Tract,4865000-48029110300,CrdPrv,12.4,11.1,13.7,"2,542","(29.4143332754, -98.4808556963)",4865000.0,48029110300.0
28263,2016,TX,Texas,San Antonio,Census Tract,4865000-48029180102,CrdPrv,10.5,9.7,11.4,"1,875","(29.4657093942, -98.5367807636)",4865000.0,48029180102.0
28399,2016,TX,Texas,San Antonio,Census Tract,4865000-48029121906,CrdPrv,9.8,8.8,10.7,"5,561","(29.6153464902, -98.452191138)",4865000.0,48029121906.0
28429,2016,TX,Texas,San Antonio,Census Tract,4865000-48029130200,CrdPrv,17.2,15.7,18.6,"1,755","(29.4158238923, -98.4673755798)",4865000.0,48029130200.0
28687,2016,TX,Texas,San Antonio,Census Tract,4865000-48029191201,CrdPrv,10.3,9.5,11.2,"3,143","(29.5409820649, -98.5005924009)",4865000.0,48029191201.0
28696,2016,TX,Texas,San Antonio,Census Tract,4865000-48029191817,CrdPrv,8.8,8.0,9.7,"9,732","(29.6295033321, -98.4762436675)",4865000.0,48029191817.0
28700,2016,TX,Texas,San Antonio,Census Tract,4865000-48029191412,CrdPrv,8.0,7.2,9.0,"2,313","(29.5918429429, -98.5368017613)",4865000.0,48029191412.0
28955,2016,TX,Texas,San Antonio,Census Tract,4865000-48029180603,CrdPrv,12.2,11.3,13.1,"1,946","(29.4848996782, -98.5838635885)",4865000.0,48029180603.0
